title,price,currency,total sold,url
Apple iPhone 8 64GB GSM Unlocked Space Gray/ Gold/ Silver A1905 Smartphone,$339.95,US,48,https://www.ebay.com/itm/Apple-iPhone-8-64GB-GSM-Unlocked-Space-Gray-Gold-Silver-A1905-Smartphone/392419999613?epid=239054200&_trkparms=ispr%3D1&hash=item5b5e0dff7d:m:mv3s3fzkVk7jVOviDMXL-GA&enc=AQAEAAAB0BPxNw%2BVj6nta7CKEs3N0qU%2B%2F%2FfCHmQ2kAGKr5uBXY8i3Pn482VlcXcTh79a9sugOYC5Ezk%2BR5uHTzMOA28oUoBlw8oQWWvKp3jZdh5UMhxQsIBB3TzcROvcZObI5j%2FvV7m49iHd9xr%2BIHjycKnq70KQ4pyTwFO7GWMTjugKiRnMlMK02Xzw3%2BmZ5O2JOH0o2F7MLg0%2Bv18%2B6jASauEnuVcw7DhCagfmlQJ8HKT8cNVGZCL7z3mSeGrXgje2%2Bg6yjKSQkhPBFHKBeYXCGl1dSPrHuNV8k%2BhZzi3QXlpMzDXho6R25qkk4kALr6jP%2Fyj7lptX8fe1lRQU3NTRpyzuFWapTT3J8lLNB523lQn5Xxm0EUPz47kyJ8g6Jo5LEToNXwTMJrNnHBeNvI%2FZlHFCafwvAkyle0wOg7SNhoLWQPLzzAkEYvY8xrB7sjdRvetAp7cq%2B3D57aMHbOPO%2B0ZYF9UNGu5yvSRTnjy2PtKVmYI3dX2V3KRhcPHCzHmWIMGkn64Iy%2FTjRFb%2FxiNuXEG2HO41m6y0OF2YI%2FCDBxJHx2niuGMrdrMhPZl75ACFT4xNJN8GvlG6oXR54cMKbNgUUfFzuv8SZNwwsMEvJd0v25PJ&checksum=392419999613e69ca385638d429cb9c987e7ca69b382
Apple iPhone 6S 16GB 64GB  Space Grey Unlocked Genuine Smartphone AU STOCK,$279.00,AU,,https://www.ebay.com/itm/Apple-iPhone-6S-16GB-64GB-Space-Grey-Unlocked-Genuine-Smartphone-AU-STOCK/172365412102?epid=245412292&_trkparms=ispr%3D1&hash=item2821c77706:m:mTQVHi_KtubqjasVBNAJx5w&enc=AQAEAAAB0BPxNw%2BVj6nta7CKEs3N0qXQrnzxzp5%2BYhSCKvIwLNx2GWc6DEzZIPBQ%2BGRpt4svd2vI1bHDu6%2BR3SfSGR%2F9qL5D4MhGjEB6WJYnBINgeg8oR%2FmPgmO1%2B14EDAUNBQWXUNDUFaVUPFOna1%2BcR5bEpZdHiyeXuOzL89rEaRmmbap0DA3cryo%2B3r6xaCBpLUzZhq183QMudW3KG0YxaXO2kMzoaMC%2Fcmp3E4NEdQE9WxB71bB0ZNtKUGoT%2Bp5kQ9Cj86UIErVGOeEC3V2UmoeKtHZ%2FnE%2BrVgkDRvKVnpfpnGHVe0Cn%2FFW0VujES45RTNu11DZ7vEq3EHRGhBKXwi7a%2BRjbXcHbtvpcGYoriBCHGIdJN0KGUbFX%2FoiHu66v8YwFo1%2F8jDT6XgI3geTV%2FUUIJyRapR2GDFNdSoDyMVBgRUIXVLf9XZdtE6hp%2Fqdcmt7vRWfbEspijJosRo9jE6MpPiLlw7sS1CXWl9qLZPckv0Vduce87%2BkMUSW0M73jniYgHVoyueC11wlF6NTf4TWgMFkbqpY%2F0B95xlejAz7PLaxSyQ8244hAmrTQO9kTYpqJjImx2%2BmThE073xnNGuOJ4LjeiWLlslPrBKYxzkwvfbqR&checksum=172365412102e69ca385638d429cb9c987e7ca69b382
Apple | iPhone 7 | 4.7 32GB 128GB 256GB | Black Red T-Mobile AT&T Sprint Verizon,$191.36,US,418,https://www.ebay.com/itm/Apple-iPhone-7-4-7-32GB-128GB-256GB-Black-Red-T-Mobile-AT-T-Sprint-Verizon/202274652476?epid=232834228&_trkparms=ispr%3D1&hash=item2f1882413c:m:mNiX5ypn5Rsutp-nFcNLGBA&enc=AQAEAAAB0BPxNw%2BVj6nta7CKEs3N0qUmvBNjUwAPh25qcEtMxnfg5yiurKDpuf7clpC8L9CHPtmvTjjtT9MTIyiW0m%2BApDXNYuTEp%2B8VTWcfkI1OhK084KRFCvSq2bGXuK4EYg%2BJfnKoWysbppaoqN1T81G80k7jYyw8u3gEAvWd%2Fho7NM7aXCvRpZnXgYqh4NFwclmNEeBbmrmVgpHzG7NNUF9Abu7ieu5MUWse3B3x5CkUUylElNk%2F4hcy%2FJl3yJNTEQDrjywcuyJnZs0rqVcViN4jX16LSBzoN7SH8m4p1UnHfceuNz7nym92AppvND3QRZfhA9f8fTiZHsKSIuh0GKzS3aS57opj7L90JXn7%2B2URPL3a4uMnMczhcPhjc8MLfTAi99Crhdw4RcvjD3kEzWCii3Bkt1SfXyQQw64moj7eIgUTHE0E7O6t9NJupvSc2pPXppMCDBgxJT7WD8e8hzpd4yYnUiKSj8bGGK8T3sSGJyCBgtbxRMes79X6R%2FRQNSrKiHYzhPx6Afqxd5%2F79neqwG0YpH3LnuqyOxQIRlHqk6bmxJ08nsXMkER4aVmdBCiFcnHR9Vc0IDYVzP1ThMUw7I0KmzCA43A27o%2BpddT0UfOz&checksum=202274652476e69ca385638d429cb9c987e7ca69b382
Apple iPhone 7 128GB Red Black Gold Silver 4G Phone Cheap AU Seller Unlocked,$385.00,AU,140,https://www.ebay.com/itm/Apple-iPhone-7-128GB-Red-Black-Gold-Silver-4G-Phone-Cheap-AU-Seller-Unlocked/172823873387?_trkparms=ispr%3D1&hash=item283d1b076b:m:mDhe4qtB9LTGTPIhHuAIGLQ&enc=AQAEAAAB0BPxNw%2BVj6nta7CKEs3N0qVce1CTi06slfUpCsrSEbT2EPAStGFHWOdVeKx5lPfYOXvnOSnNX%2BrDwYAHMGFC%2FNaRNlLBCj1EHGNOsFqe27V9SuXb5hBNzLS1%2FkUZY6I2zB05bIjg8Tnx1tqdIn5p24pxyFmUJ6eV1YmSmkWuDNrYZN5azSEzEikqAaaOCsLkV1GtoUZvWwbZmg7GZh2pMxzAU%2FV9hApRTBf7AIcRCU52OQFTRl0PMdOvqZFFF%2FCWqe8ywsAFEW0yNOxgRUwbA1NAVEMhmiZdkPuRd1v8Ex5hZ6MHGu%2BjNWLQFncjTEXHWQv8Jsbd9mcuCevC7k%2BFPGxLpgVdb%2FHn9nA3Q6GY8mjiAuwHZeM7nKeqlVAm1z116LctIPaDIGlwkFJEIc%2Bv%2BRwVQ24j59viKM%2Bgc1ptFj4KheAZlBsTYHzqb43aEhcbMhJ961NCwyr%2F0lgTiTNVfEHsGUZEo%2BhpOch0jvTP9oTTtLhs53PhYkazPEv6iTD8wleew5NPTougjIndPfH7y%2FMPd98BbBV1f1ZiAJD2VB%2FnEPdy8BP1PN8DRBCBJxLBGdTkKKpkyWMeCnI5nQjXliQoHHFPIU1i7ok4Y0%2FN318b&checksum=172823873387e69ca385638d429cb9c987e7ca69b382
Apple iPhone 7 Smartphone 32GB 128GB 256GB Factory Unlocked 4G LTE WiFi iOS,$164.00,US,"1,520",https://www.ebay.com/itm/Apple-iPhone-7-Smartphone-32GB-128GB-256GB-Factory-Unlocked-4G-LTE-WiFi-iOS/292605336862?epid=232669172&_trkparms=ispr%3D1&hash=item4420a31d1e:m:muGAbzfCc0g96Des2xNMzyg&enc=AQAEAAAB0BPxNw%2BVj6nta7CKEs3N0qUmLOBUEsTQY1hSkKgx%2FVly6GNsAmhmnL2A78PHSyCMkT%2BA16eD2mr%2BndVKdPWN%2BTw18DCslIjKCAzqd27kJX%2BFUnrsrHpXoLbnJk0OWwmdRy4r5VWqfZnqYsVQ%2FTB%2FiGDbn3eZvdJe96XBsdexvvTPScQpOwwC0j%2BQL%2FPivmwfcaGWIFNY062UylslIx0267u9faEe5VE%2FAscJ6r4bdCTPQ9WWgT2%2BrPuxpkyBxB7s3v5UdZTpIbc2wQjGGtQ5evqaVQP4Qm1t04RdxZ7%2FA06K3wLQDATt8dUD0xqBHQmnQLhRmFzcX73NGe1p0bLfZ8y8NbC6hLpNocUJ9Y%2BkDGq9M3M47rD97hCi6DRAXH3Ws5h5TuXmTeQ%2BpiXfDnce7uOA%2BGLCku0wZOZOtxxgm3EWRYggNbweaL%2BqDb52h1Js4WRpaCwq3Fj44mFRiebtyumgoxM7KG5qJLIoIaDj%2BC5K34VNkThVw0fKlYL1R4uVggKsJojwT9iv68iwXn%2F%2FIOGGedJlLSJG1g24L3UgQKSs2WtLfQoda3D3Ezv7MN3rBQB0XwWk40WOJA3Ijz4QF5DeCgK3vuuH%2FzZyri2m99rt&checksum=292605336862e69ca385638d429cb9c987e7ca69b382
Apple iPhone 8 Plus - 64GB - Silver (AT&T) A1897 (GSM),$349.99,US,,https://www.ebay.com/itm/Apple-iPhone-8-Plus-64GB-Silver-AT-T-A1897-GSM/323913794211?epid=239092875&hash=item4b6ac442a3:g:x-AAAOSwqYhdeson
***Factory Unlocked iPhone 8 - 64GB - Space Gray - Works Perfectly ***,$177.50,US,,https://www.ebay.com/itm/Factory-Unlocked-iPhone-8-64GB-Space-Gray-Works-Perfectly/274006108093?hash=item3fcc0967bd:g:NGEAAOSwStpderSD
Apple iPhone 8 64GB Unlocked Smartphone - Space Gray (A1863),$299.01,US,,https://www.ebay.com/itm/Apple-iPhone-8-64GB-Unlocked-Smartphone-Space-Gray-A1863/274005772361?epid=240377032&hash=item3fcc044849:g:yqgAAOSw3x1demct
APPLE IPHONE 7 32GB BLACK UNLOCKED AUS VERSION PHONE,$324.95,AU,,https://www.ebay.com/itm/APPLE-IPHONE-7-32GB-BLACK-UNLOCKED-AUS-VERSION-PHONE/283611612813?epid=239099307&hash=item420891c68d:g:k7sAAOSw8ZhdWzV9
Apple iPhone 8 Plus - 64GB - Gold (Unlocked) A1897 (GSM),$400.00,US,,https://www.ebay.com/itm/Apple-iPhone-8-Plus-64GB-Gold-Unlocked-A1897-GSM/153641142757?epid=239068324&hash=item23c5b9c9e5:g:Sg8AAOSwKp5det4i
Apple iPhone 7 - 32GB -iOS Black  4G LTE  (T-mobile Metropcs) Grade B,$165.00,US,,https://www.ebay.com/itm/Apple-iPhone-7-32GB-iOS-Black-4G-LTE-T-mobile-Metropcs-Grade-B/254357275270?hash=item3b38e00286:g:TzYAAOSwVbhcs1zZ
Apple iPhone X - 256GB - Space Gray (Unlocked) A1865 (CDMA + GSM GREAT CONDITION,$265.00,US,,https://www.ebay.com/itm/Apple-iPhone-X-256GB-Space-Gray-Unlocked-A1865-CDMA-GSM-GREAT-CONDITION/163859766332?epid=240420150&hash=item2626cd9c3c:g:nYUAAOSwtHVdertv
16gb iPhone 6plus gold  unlocked very good condition,$200.00,AU,,https://www.ebay.com/itm/16gb-iPhone-6plus-gold-unlocked-very-good-condition/303277388908?hash=item469cbdb46c:g:xa4AAOSw6OFdRNe2
Apple iPhone 7 - 128GB - Rose Gold GSM (Unlocked) - 9/10 Condition,$224.99,US,,https://www.ebay.com/itm/Apple-iPhone-7-128GB-Rose-Gold-GSM-Unlocked-9-10-Condition/113885939373?epid=240531128&hash=item1a842186ad:g:cDkAAOSwe41deogG
Apple iPhone SE [16GB 32GB 64GB 128GB] A1723 4G Smartphone Unlocked AU Stock,$155.00,AU,,https://www.ebay.com/itm/Apple-iPhone-SE-16GB-32GB-64GB-128GB-A1723-4G-Smartphone-Unlocked-AU-Stock/172864605769?_trkparms=ispr%3D1&hash=item283f888e49:m:modVc47sDW0wO0l4q-R9Zeg&enc=AQAEAAAB0BPxNw%2BVj6nta7CKEs3N0qV5xUxNQojGmahutJwAKtPIOo8TJXV%2BJBxViXeKgRa6VmTHz8cfkrSaRNTjKT5X3hkO2SiOVxTRh77UY1wInmPVIL6CEJdbQhrz%2F1faNvr3PZJkHwPR0KRzvGk7wcrIipz6oCw%2Fer1M0%2FBJq77rvSBnDGHvPS8cWmQa8ZriZ8yg8gdGKpsB95J1uGHlkwArxVkqQWkVK1IM0AxhS4MPZkWG50Pi32qLttQMq6eECAa213qKgpRXAvlyx73F64todkWvKr7nMarmfDkYzKYbeZyNmGGWua9jXidi2QOPZ%2BWdRIrH%2Bc5sx3uh92Pp7te%2B45vN2RjxtmmLNAY%2FhvrRl4FsGRTiF9OihqV7mtPnkksKTqBX2NSgsUMvSOpvyZ%2FF3JpThXu14hsD9DSyjFkrVQXzzzkdH1UghbaU2D1V0iLy77LrHKOe2ecI8TET19x%2BQHqqU2X0u5JxniJCDpOWeAqSBDwAQ9VPxeKUa%2FMxU380zKhulvZAphn7BugnOm%2B8PJibKIaU2kSMEhLMfiZJqKXiXH5aUc%2BlcJEIvOF2V%2BYmfHUVH%2FkQPZxO6qLSCuN8oodJ4xWSiu4a%2FzBmqRv%2FE8dV&checksum=172864605769e69ca385638d429cb9c987e7ca69b382
Iphone 7 plus 128 gb,$310.00,US,,https://www.ebay.com/itm/Iphone-7-plus-128-gb/202777318925?epid=225209469&_trkparms=ispr%3D1&hash=item2f3678560d:g:0L4AAOSwok1dM~KI&enc=AQAEAAAB0BPxNw%2BVj6nta7CKEs3N0qUv4O5%2Bgfq1e5Qu7QtdFHPjmL6h4dRb6%2Fau1jimurneO%2F2onvqZTMiDXRj%2FU9BImDEKaDAPVcq7%2BAwKTfZo%2BTzKIryqsUs2yZH2uGyGjmeyfjvhsE3qdtZJ0uMWPniQ%2F8PzSAxxXYVtU29WNv6ytaqLzbKdOJbDkpooko9n7yXWK5ICbItuZ%2FyBbzva281hKh%2BQY%2FuTrxo2a5rrHxwjGrZWvHrALRZN9xAI8yaRjBTkp%2BbI%2BSFAfJeEkcJgmE2ViY2TIv76zglGci1WSf6fDejmfRyk%2BD4BcYPu0Rw8lu3fKOPUVKBvtGa9LKpif%2BjXfLMj5m3RSCkA2hhfRiDV7FvWkKdBL7exYGB9RuxpCuiiogH75qUIodSQ5XgHBGk7WO7MqKeJ3leGUP4lteAsmRRwNqCd1iCt1YukhL0pKJc7Ww6eQF4xzFh2eimX0Rtb%2F%2FWJlkwXV1jFsmUXxGAmFYIJhnQ8Gk8kQC7OoZpoP43ioOkvP3CJ5j0LI1OA0js2WxYGXyGVHE6uOkC87fNf5Z%2BXPv1%2BkyukNNl2AaCjSb2JAybKZXVhZ%2Beg%2BGbNbd0nXWuQhiVrlRnXJpVsBGDPM1ih&checksum=202777318925e69ca385638d429cb9c987e7ca69b382
Apple iPhone XR 64GB Black - Unlocked US Reseller Flex Policy - NEW & SEALED,$569.99,US,,https://www.ebay.com/itm/Apple-iPhone-XR-64GB-Black-Unlocked-US-Reseller-Flex-Policy-NEW-SEALED/274006068612?epid=13023706562&hash=item3fcc08cd84:g:g3cAAOSw4ztdeqef
Apple iPhone 7 Plus 32GB (Unlocked),$399.00,US,,https://www.ebay.com/itm/Apple-iPhone-7-Plus-32GB-Unlocked/283612788226?epid=240455209&hash=item4208a3b602:g:H6kAAOSwbYddetGG
Apple iPhone 6s Plus - 128GB - Space Gray (Unlocked) A1687 (CDMA + GSM),$160.00,US,,https://www.ebay.com/itm/Apple-iPhone-6s-Plus-128GB-Space-Gray-Unlocked-A1687-CDMA-GSM/193098847714?epid=240434054&hash=item2cf59695e2:g:5wIAAOSwpopdetOS
Apple iPhone 8 64GB Space Gray Sprint GSM A1863,$340.00,US,,https://www.ebay.com/itm/Apple-iPhone-8-64GB-Space-Gray-Sprint-GSM-A1863/193095106192?epid=239009382&hash=item2cf55d7e90:g:9~IAAOSwUKVdd9vb
Apple iPhone XS A1920 64GB Gold! 9/10! GSM Unlocked!,$699.75,US,,https://www.ebay.com/itm/Apple-iPhone-XS-A1920-64GB-Gold-9-10-GSM-Unlocked/254357892032?epid=4023704064&hash=item3b38e96bc0:g:dgsAAOSwhPZdepir
iPhone 7 Plus 128GB - Black - Unlocked - Mint Condition - All Orig. Accessories,$311.00,US,,https://www.ebay.com/itm/iPhone-7-Plus-128GB-Black-Unlocked-Mint-Condition-All-Orig-Accessories/174028709453?epid=240458775&hash=item2884eb5e4d:g:zUQAAOSwvFxdenHU
Apple iPhone 6s - 16GB - Black (Sprint) A1688,$109.99,US,,https://www.ebay.com/itm/Apple-iPhone-6s-16GB-Black-Sprint-A1688/283612794486?hash=item4208a3ce76:g:H70AAOSwqYZdetR6
Apple iPhone XR 64/128/256 GB Unlocked -comes with Apple Warranty,$649.99,US,,https://www.ebay.com/itm/Apple-iPhone-XR-64-128-256-GB-Unlocked-comes-with-Apple-Warranty/323913706503?epid=24023698450&_trkparms=ispr%3D1&hash=item4b6ac2ec07:m:mVcrH993ufNKko8Vyz6OFBg&enc=AQAEAAAB0BPxNw%2BVj6nta7CKEs3N0qWjIyqfhykwOKo0H1ZrBE8xSXqdZdgRgFsHxhuj3p7MO3qdijySvwi8BN2ULmegTxJV7iguQlmGjvmE%2B5wQkbuBQy7GWcjfUyvCZlky4J2jUGtZfv11hUo1EP%2B2vExrnt9juCZAjvxz6bGYrg7X9PLyZYIBjtpwiGWuNFzhTfxl5My3%2BDcNK1xdC%2BLTfPSVWySzNeLJQT66LLdK11VQBmKBE2lDQ3jw0sRhq7E%2F2jBt3ODLFewLWQnFsn9DbAS5eLFEqk1ZKJ9CBkwDqSpt8H9Pwz3FNLnKLWIgVWIsP5swuK9UtnyvikGfZner7p3lfKWS9l%2BE9Tl17BbYNNByUbRw0lz4%2FT4MOomETFG66ks0zC43HjJ%2B0yiNeQbvrUbJRDRZP2Kr0ChaqDBzgFYxRYTvZIG8UbQIY93CzrmBbkKqndguBTY4FdYS3diE%2FepK6Tn3yFcn97pW7WvlsIHnzwRatOoximhIYXWEdQWElGkqzHOvM8%2B3uXwg9XJhn0l1w3a2o4RFvsOaGI8maOcImXf2ubtrm0p8MGEyBi0kE0xSaZRNBMoDGH3JOKSrF7YIk3L0oMRjfK2f7RFR7egtJNEp&checksum=323913706503e69ca385638d429cb9c987e7ca69b382
T-MOBILE MINT Apple iPhone 8 Plus - 64GB - Black A1897 (CDMA + GSM),$450.00,US,,https://www.ebay.com/itm/T-MOBILE-MINT-Apple-iPhone-8-Plus-64GB-Black-A1897-CDMA-GSM/223662333237?_trkparms=ispr%3D1&hash=item3413505d35:g:E88AAOSwBbBdStXx&enc=AQAEAAAB0BPxNw%2BVj6nta7CKEs3N0qX3VkDDvk3kldTeljxV2XuRzfmKJawKO18nYdxVKW%2FNhjDGISn4T8SYmoiA8mu%2B3ksN5GIybiVNIQ9eVG4fvsJBK5CXXad79Gr8pbF8cdCCFV1MIs7wyvZiFOHLR7pKn5vso4cTwF92%2Bf6ocCbkFA7CxFe%2Fu0HgE%2FxqbCGD6NzE0A8Ffg0ytsFehS5mH1G%2BayC98wpk1usgVa6MTH09gbi9aZT9OgsyNaFR9Pag0%2FZYaRGjk%2BZ9n4ytbzfZMPMcQbcryxGFbw2k7PREuK7TUhXimIh1zTF%2FML7eGzml5ORol1pw1b%2FDsBmhXjeXv%2FZH1PJhEgrcd7KSmhDzI7l5SQWzCqxpfYsAAf7oLaFGIuCyu0nmOAVgqIcK%2FPNFZTak43nEdR5wWdkKpAylbMnTE9IWWdDFJlzYSDnK2H%2Bk1vlX%2FRchkdrVfjUmM5hTScuRyD9oxWokK1BWWC7pmJuJYRDhs9G8IzGYAYprgi5VMy32VxieegQOQL3ThMaLUcfmO2HJiDVplp9b%2B5SRZmegK0q0xVFaz3zd3VEC36FSm4HJqP8x66DxrgAtIdrV54Fb7Jth6CC9kuXmHwZ0u2bRSNGs&checksum=223662333237e69ca385638d429cb9c987e7ca69b382
Apple iPhone 6s - 16GB - Silver (Sprint) A1688,$109.99,US,,https://www.ebay.com/itm/Apple-iPhone-6s-16GB-Silver-Sprint-A1688/283612793982?epid=216213577&hash=item4208a3cc7e:g:Ag4AAOSwMspdetNm
Apple iPhone 8 Black 64 GB EXCELLENT Condition Tmobile,$275.00,US,,https://www.ebay.com/itm/Apple-iPhone-8-Black-64-GB-EXCELLENT-Condition-Tmobile/202777631152?hash=item2f367d19b0:g:8e0AAOSwIihdeuGl
Apple iPhone X - 256GB - Space Gray (Verizon) A1865 (CDMA + GSM),$599.00,US,,https://www.ebay.com/itm/Apple-iPhone-X-256GB-Space-Gray-Verizon-A1865-CDMA-GSM/254358068062?epid=239068454&hash=item3b38ec1b5e:g:kPMAAOSwN9tdetER
Apple iPhone 6s Plus - 32GB - Space Gray (AT&T / Cricket) Excellent!,$159.99,US,,https://www.ebay.com/itm/Apple-iPhone-6s-Plus-32GB-Space-Gray-AT-T-Cricket-Excellent/183951074245?epid=228580446&hash=item2ad456a3c5:g:T80AAOSwDw5debmz
Apple iPhone 7 Plus | 128GB | Black | Sprint | Unlocked,$149.00,US,,https://www.ebay.com/itm/Apple-iPhone-7-Plus-128GB-Black-Sprint-Unlocked/233339821156?hash=item3654231c64:g:wdwAAOSweAtdeopl
Apple iPhone 6S 32GB 64GB 128GB Factory Unlocked AT&T T-mobile Verizon,$112.99,US,"2,111",https://www.ebay.com/itm/Apple-iPhone-6S-32GB-64GB-128GB-Factory-Unlocked-AT-T-T-mobile-Verizon/202444888698?epid=216202209&hash=item2f22a7da7a:m:mvLRPOl-L_q4zipmGQnSapg
Apple iPhone 6s | GSM Factory Unlocked | 16GB 32GB 64GB 128GB | Excellent 9/10,$129.99,US,,https://www.ebay.com/itm/Apple-iPhone-6s-GSM-Factory-Unlocked-16GB-32GB-64GB-128GB-Excellent-9-10/312755012018?epid=216202299&hash=item48d1a6c1b2:m:mRGQXSQH3PhCDtZ62S2G4fg
Apple iPhone 6 Plus Smartphone No Touch ID Verizon Unlocked AT&T T-Mobile Sprint,$115.00,US,"1,425",https://www.ebay.com/itm/Apple-iPhone-6-Plus-Smartphone-No-Touch-ID-Verizon-Unlocked-AT-T-T-Mobile-Sprint/292369854462?epid=240420080&hash=item441299effe:m:mx9Kia_X4ytSqYlMCOfynxQ
Apple iPhone 6s PLUS 16gb 32gb 64gb 128gb unlocked Australian stock,$320.00,AU,,https://www.ebay.com/itm/Apple-iPhone-6s-PLUS-16gb-32gb-64gb-128gb-unlocked-Australian-stock/163623842843?hash=item2618bdb41b:m:mWkwJj6ZS1ogpEpGJsbWbng
Apple iPhone 6S 16GB 32GB 64GB 128GB Factory Unlocked AT&T T-mobile Verizon,$114.89,US,"1,495",https://www.ebay.com/itm/Apple-iPhone-6S-16GB-32GB-64GB-128GB-Factory-Unlocked-AT-T-T-mobile-Verizon/223141689820?epid=228434691&hash=item33f447f9dc:m:mog4DAR-0nAnZvfRu4HsWaA
Apple iPhone 6s Plus - 32GB - Space Gray (Unlocked) A1634 (CDMA + GSM),$160.00,US,,https://www.ebay.com/itm/Apple-iPhone-6s-Plus-32GB-Space-Gray-Unlocked-A1634-CDMA-GSM/183951766994?epid=228517002&hash=item2ad46135d2:g:UrUAAOSwT4Rdej7v
Apple iPhone XR - 128GB - Black (AT&T) A1984 (CDMA + GSM),$480.00,US,,https://www.ebay.com/itm/Apple-iPhone-XR-128GB-Black-AT-T-A1984-CDMA-GSM/163859506665?epid=20023710029&hash=item2626c9a5e9:g:cw0AAOSwbeBdVWBs
Apple iPhone 8 Plus - 64GB - Gold (AT&T) A1897 (GSM) IC LOCK,$126.00,US,,https://www.ebay.com/itm/Apple-iPhone-8-Plus-64GB-Gold-AT-T-A1897-GSM-IC-LOCK/323912807218?hash=item4b6ab53332:g:UngAAOSwxXRbYGHF
New in Box Apple iPhone 6 64GB 128GB GSM Unlocked Space Gray / Silver / Gold,$189.99,US,362,https://www.ebay.com/itm/New-in-Box-Apple-iPhone-6-64GB-128GB-GSM-Unlocked-Space-Gray-Silver-Gold/202695013801?_trkparms=ispr%3D1&hash=item2f319075a9:m:mSfVwbMT9SM01QfWjciQUFQ&enc=AQAEAAAB0BPxNw%2BVj6nta7CKEs3N0qUYVk8pRG9zkaAaMbMdJ68cBCVa7xg5NtbcDY7sJLur1NXs3zOunEgcQyE5r3YeiPJHhmlCTezlxhHP3KTnDQhx3qjqZEyFbyP2%2FhQhSPoq%2FPUQM3sJf8AhBF742Lw9yAiXlaLAuGW%2FWvGrEyzS0ZnEMRMplgipPDnzCluArLks9kPVmsfSyb%2BqMHXLF8b%2FE6eRMQSvCS8JP4LS2GVepQHerWZrEpzY9oWWvDIZTYNVlK5IJKBeQVb3%2B3C5oOPGx0cokq6QHBpebkku0VxrPg5lcf1vFR1h3uGS%2FvjdubkCffpsErNZT619xNl3mnTQMegU6HfbPzSTv%2BhNyITJ1kD7684N29VCFUvVV4Rj54khccWyVZUREEULXRGr%2F2n5TTJC3stu2eWDvhd1T7VGC7uun4IKBEIoPBwqRBXTfJtmhaye2mJ%2Ba%2BJpVBq8jbXopzACusbBHnYWPsH19%2Be7huCBq4Aa9FJmCKCO0DnxSCFkQ7qfqkyaeNrWJrCEBNKugOgwJYbbsPuZWzDxDJ4hEADVvJXY3hRCiG4jQGujPP9JuwaZ3BD5oLpceLKHtibm2IY2Er49Fvp6D80gw6opjFBA&checksum=202695013801e69ca385638d429cb9c987e7ca69b382
Apple iPhone 7 32GB/128GB Jet Black/Rose Gold/Silver/Black/Gold/Red AUS Seller,$319.00,AU,82,https://www.ebay.com/itm/Apple-iPhone-7-32GB-128GB-Jet-Black-Rose-Gold-Silver-Black-Gold-Red-AUS-Seller/173513262330?_trkparms=ispr%3D1&hash=item28663244fa:m:mMiPYZyJ66PTpfzkY9JUB2g&enc=AQAEAAAB0BPxNw%2BVj6nta7CKEs3N0qVw1UMSWUYMfJCejIBWPqm%2FPeIIC0cW5IIUy6YY4WuiI5RWgieakg8QDwCHxoY4dizo0dhAF0lngrMDqyAZzUl0bxfSbN4W%2B6NFzy9IS%2FjMg56TpJjIUVeb0bwhKb2ISgBdbY%2B3aLwg3PlpmnCc9iuPmloLDGr9hwaU4ypHgi3EAHgKk1oGsTzG%2B%2BOncywGeQboxkkPe1q43WswSu7AiHrNsydMj6iDmJ8e2X27uIaadoDXxNHJI4vDpFagNAMHTBFv4b9xBxcsLjPSqehIRh%2BOV%2FvfL6aMztsLhpFnoDQSEVRqNfUyqdInFxXOyzArpl%2Fy0PeAn%2Buo1P%2Bs%2BBNJKfrrbJqfs7gvEHq5IFUfBWRuT%2F%2Fk0UgVxjcZK0sjZk5YO8%2BOhXZsP%2B%2Fx5%2BBZiIO1BB5RCB10hIWVMFJCoVvqiZERQAp8Q8XYS%2BFm6mzWCTMh%2B3UePNm3DhEiIsvtD%2FjLN06yoWhmrFLEtPTp6rY3df333WwF3YEgcupbLnHTaqpSyEDLca5fGkhzpUi2hApxNjodhJY6deTx4D6VDtr2lCP%2Fs1Mp%2BMbtNf%2B57fjfa7DXg0GRGrlMt9yq6iVSmFer%2F9Hq&checksum=173513262330e69ca385638d429cb9c987e7ca69b382
Apple iPhone 8 - 64GB A1863 GSM Factory Unlocked Smartphone,$305.00,US,,https://www.ebay.com/itm/Apple-iPhone-8-64GB-A1863-GSM-Factory-Unlocked-Smartphone/303282885163?hash=item469d11922b:g:F18AAOSw7KldeoK6
"Apple iPhone 6S - 16GB 64GB 128GB - Gray, Rose, Gold, Silver - Factory Unlocked",$115.99,US,"13,615",https://www.ebay.com/itm/Apple-iPhone-6S-16GB-64GB-128GB-Gray-Rose-Gold-Silver-Factory-Unlocked/122419664747?epid=216202209&hash=item1c80c7d76b:m:m1XjQJXLGtwTg5TJvzGxkcw
Apple iPhone 8 Plus 256GB Gold AT&T GSM Phone A1897 MQ8Y2LLA CLEAN IMEI MINT,$429.99,US,,https://www.ebay.com/itm/Apple-iPhone-8-Plus-256GB-Gold-AT-T-GSM-Phone-A1897-MQ8Y2LLA-CLEAN-IMEI-MINT/303282848524?epid=239068314&hash=item469d11030c:g:7OwAAOSw8YtdenaY
Mint Apple iPhone 7 Plus Rose G GSM Unlocked 128GB MN562LL/A - Rear Camera Issue,$199.00,US,,https://www.ebay.com/itm/Mint-Apple-iPhone-7-Plus-Rose-G-GSM-Unlocked-128GB-MN562LL-A-Rear-Camera-Issue/202776803893?epid=240464807&hash=item2f36707a35:g:npwAAOSwuchdeWpp
"Apple iPhone 7+ Plus - 32GB 128GB 256GB GSM ""Factory Unlocked"" Smartphone Phone*",$294.95,US,"7,060",https://www.ebay.com/itm/Apple-iPhone-7-Plus-32GB-128GB-256GB-GSM-Factory-Unlocked-Smartphone-Phone/401452356520?epid=240464827&hash=item5d786cd3a8:m:mKf9vR2xfLfREWJFaagUm6Q
Apple iPhone 6 Plus - 16GB - Space Gray (Unlocked) A1524 (CDMA + GSM),$129.99,US,,https://www.ebay.com/itm/Apple-iPhone-6-Plus-16GB-Space-Gray-Unlocked-A1524-CDMA-GSM/183952516330?epid=233843049&hash=item2ad46ca4ea:g:uZoAAOSwZ8Jdeseq
Apple iPhone 6 Plus - 64GB - Space Gray (Unlocked) A1522 (CDMA + GSM),$155.95,US,,https://www.ebay.com/itm/Apple-iPhone-6-Plus-64GB-Space-Gray-Unlocked-A1522-CDMA-GSM/183952499642?epid=240531138&hash=item2ad46c63ba:g:GfMAAOSwBbBdPeuV
Apple iPhone 6s Plus Smartphone 16GB 32GB 64GB 128GB Factory Unlocked 4G LTE iOS,$154.00,US,"2,522",https://www.ebay.com/itm/Apple-iPhone-6s-Plus-Smartphone-16GB-32GB-64GB-128GB-Factory-Unlocked-4G-LTE-iOS/292631538718?epid=240531048&hash=item442232ec1e:m:maK7wqY5lWlK9devzbFp-Ug
Apple iPhone 7 Plus - 32GB -  (Unlocked) A1661 GREAT CONDITION,$172.50,US,,https://www.ebay.com/itm/Apple-iPhone-7-Plus-32GB-Unlocked-A1661-GREAT-CONDITION/323913758878?epid=225208414&hash=item4b6ac3b89e:g:0QIAAOSwHppder9i
Apple iPhone 8 Smartphone AT&T Sprint T-Mobile Verizon or Unlocked 4G LTE iOS,$250.00,US,"1,911",https://www.ebay.com/itm/Apple-iPhone-8-Smartphone-AT-T-Sprint-T-Mobile-Verizon-or-Unlocked-4G-LTE-iOS/292691384025?epid=239092905&hash=item4425c416d9:m:mAUMlyxZCTOl53tTvhMarOw
"Apple iPhone 6s | GSM Unlocked | 16GB 32GB 64GB 128GB | Rose, Gold, Gray, Silver",$124.99,US,"1,731",https://www.ebay.com/itm/Apple-iPhone-6s-GSM-Unlocked-16GB-32GB-64GB-128GB-Rose-Gold-Gray-Silver/401426802191?hash=item5d76e6e60f:m:mRGQXSQH3PhCDtZ62S2G4fg
Apple iPhone 6 Plus - 64GB - Gold (Unlocked) A1522 AT&T T-Mobile Verizon,$139.99,US,,https://www.ebay.com/itm/Apple-iPhone-6-Plus-64GB-Gold-Unlocked-A1522-AT-T-T-Mobile-Verizon/183952513547?hash=item2ad46c9a0b:g:AC0AAOSwOPZdc-3x
Apple iPhone 8 Plus Smartphone AT&T Sprint T-Mobile Verizon or Unlocked 4G LTE,$330.00,US,"1,555",https://www.ebay.com/itm/Apple-iPhone-8-Plus-Smartphone-AT-T-Sprint-T-Mobile-Verizon-or-Unlocked-4G-LTE/302847614914?hash=item46831fdfc2:m:mZQWR_ftZwGljYXxD2yTT0Q
Apple iPhone 6S Plus 64GB Rose Gold AT&T Fair Condition,$150.99,US,,https://www.ebay.com/itm/Apple-iPhone-6S-Plus-64GB-Rose-Gold-AT-T-Fair-Condition/283612751934?epid=216131111&hash=item4208a3283e:g:OMcAAOSwSCpdesOd
Apple iPhone 6s - 64GB - Rose Gold (Unlocked),$119.00,US,,https://www.ebay.com/itm/Apple-iPhone-6s-64GB-Rose-Gold-Unlocked/153641139673?epid=240307031&hash=item23c5b9bdd9:g:YGcAAOSwdoldet0Q
"Apple iPhone 6S Plus Factory Unlocked 5.5"" SmartPhone 16GB 32GB 64GB 128GB",$163.99,US,517,https://www.ebay.com/itm/Apple-iPhone-6S-Plus-Factory-Unlocked-5-5-SmartPhone-16GB-32GB-64GB-128GB/192684302480?epid=216192392&hash=item2cdce12090:m:m6KMeHJYTLlPKsrf95MdNDQ
Apple iPhone 6s 64GB 128GB No Touch ID AT&T Sprint T-Mobile Verizon or Unlocked,$110.00,US,609,https://www.ebay.com/itm/Apple-iPhone-6s-64GB-128GB-No-Touch-ID-AT-T-Sprint-T-Mobile-Verizon-or-Unlocked/292372204134?epid=240306971&hash=item4412bdca66:m:miHS4s8_fpGq9mxT6ZriQkQ
Apple iPhone 8 256GB Space Gray Unlocked - NEW & SEALED + Not Activated,$489.99,US,,https://www.ebay.com/itm/Apple-iPhone-8-256GB-Space-Gray-Unlocked-NEW-SEALED-Not-Activated/283612762475?hash=item4208a3516b:g:sD8AAOSw2pddesZY
Apple iPhone 6 Plus Factory Unlocked 16GB 64GB 128GB AT&T T-mobile Verizon,$137.99,US,709,https://www.ebay.com/itm/Apple-iPhone-6-Plus-Factory-Unlocked-16GB-64GB-128GB-AT-T-T-mobile-Verizon/202458551907?epid=241179768&hash=item2f23785663:m:mM1xKfXAK1Xve9iJ3_WFjvA
Australia stock AS NEW APPLE iPhone7 32GB/128GB Smartphone 4G LTE 100% UNLOCKED,$380.00,AU,,https://www.ebay.com/itm/Australia-stock-AS-NEW-APPLE-iPhone7-32GB-128GB-Smartphone-4G-LTE-100-UNLOCKED/202765476876?hash=item2f35c3a40c:m:mVpa1g3bT43qwO6FEYDzmaw
"Apple iPhone 7 - 32GB 128GB 256GB GSM ""Factory Unlocked"" Smartphone All Colors*",$189.95,US,"7,174",https://www.ebay.com/itm/Apple-iPhone-7-32GB-128GB-256GB-GSM-Factory-Unlocked-Smartphone-All-Colors/362174598107?epid=240306961&hash=item545349cbdb:m:mSACu2RtExHAZ9iXukm6ZMg
Apple iPhone 6S |16GB 64GB 128GB| AT&T T-Mobile Sprint Verizon Unlocked GSM CDMA,$112.00,US,338,https://www.ebay.com/itm/Apple-iPhone-6S-16GB-64GB-128GB-AT-T-T-Mobile-Sprint-Verizon-Unlocked-GSM-CDMA/183383599015?epid=27032503156&_trkparms=ispr%3D1&hash=item2ab283a7a7:m:mIiReV1jrWHXyqi-C0kYweA&enc=AQAEAAAB0BPxNw%2BVj6nta7CKEs3N0qUre%2FleLzJNwg4JevcMrx7QNxCRSGfT%2Fsg2exXd5x8bqUj%2B7p0KVs%2FmecyrEyZfIz20TTHRs4lBBAF%2BLxasCPBqO1gGv5CKhK06WX59yVg0G2O1LufeitCM6yCll6%2BgaP1QXQLnxVH646qCWpJtnnd2njjERafHEuA%2BLY2C3RPaLeAhLgamm2RX9fTI%2FF7x%2FdlnoVpEumUTFpKY0CxTRRyoxcIfHrXAaZ4kefiDZMq5UQJxHGtbDNi9anzHFolAVjPeiv3jLrAgc9alfctXFQIqLVeJzgLaohAs1MfHNbC5VTBecln4vQOEyyG4ZZofIwuRzva5hiFSD0D7LWvpQpJUykTz0ubuF%2F%2BPYNESvvhpjA47AAD5YviZ86s7MbaTCb%2BGZ4VUigoDZk%2Fy4vmQJTn7PpU6uOJPrPSAcUD7X9y0MszlszDveepopjGi7Flsi1g4BtpYWSjmiA%2Bhpw8gmrOvr1OvmZb5MLt9%2FlmeDE6Sg0stWle5vnR5jUdTRMpZUHiu9lpeFUJtx8AP2qEhsa8btVYVcESFb7Rdzo18x84Zd6PO%2BCdpt4mK4iQ8Vy806XLF%2BLD%2BREb2AABkPs3%2FEwhT&checksum=183383599015e69ca385638d429cb9c987e7ca69b382
"Apple | iPhone 7 Plus | 5.5"" 32GB 128GB Black Red T-Mobile AT&T Sprint Verizon",$345.92,US,596,https://www.ebay.com/itm/Apple-iPhone-7-Plus-5-5-32GB-128GB-Black-Red-T-Mobile-AT-T-Sprint-Verizon/202048014073?epid=225203250&_trkparms=ispr%3D1&hash=item2f0b0006f9:m:mT8O5M_0vENmw93F3Qp6g8Q&enc=AQAEAAAB0BPxNw%2BVj6nta7CKEs3N0qWsXVp4WqtNGt1DcUzlS3QkUOk22EujU20nyVXGqEPIZgWXpSPYz7dbt0SNyniTzNair9SJEO8a0Ie%2BoulH4EDcY3lKdPRIfLpenxfv%2FVGlrur10qAztkyOR7COSXg%2FU1wI241MaMTJMEa4sglIzhtliX1AQwr0iO%2BI8pioAfRbe2eiBrh9dZ%2B2%2B9Qor3REtp%2FjTR5w2cSNww3Ckyryi5OBnP5rNCj7e%2B6848nEHe0XZPjdbiHITnAdC%2FFh4gaSa9rT1Yh%2BCsSGbH8hYe2MlViDeACw3InwrPPUrj0jGMq2fWbTfDWB9uh2Zv6AA6gNr2cPvAsI6Bs%2B4ZXZ3RCcl19s0snAv9hCZCBB3OS7YDjZBIS59jqA%2BxuHnLiVXCcIydcmQiiVf5hUluN%2BhKyt%2B5A4PzFxuKC1ORCu2P7pmKaETabiifuKY44ILeX2l3hBbjN%2FzUl7f5mXJu0U8xR8PbzOeR1oQxQ7eekILXLoVIp50AiLqdV7S7AI4m%2BzvkA%2BCHNweM9FFl7Z64B41DQErJcNEUYDHsSmpZIzCS0p8MqdPDp1%2F9iZu9xg9FZfGmoBpubA1xNLsvCVftxixjgEd4CA&checksum=202048014073e69ca385638d429cb9c987e7ca69b382
Apple iPhone 8 64GB GSM Unlocked Space Gray/ Gold/ Silver A1905 Smartphone,$339.95,US,48,https://www.ebay.com/itm/Apple-iPhone-8-64GB-GSM-Unlocked-Space-Gray-Gold-Silver-A1905-Smartphone/392419999613?epid=239054200&_trkparms=ispr%3D1&hash=item5b5e0dff7d:m:mv3s3fzkVk7jVOviDMXL-GA&enc=AQAEAAAB0BPxNw%2BVj6nta7CKEs3N0qU%2B%2F%2FfCHmQ2kAGKr5uBXY8i3Pn482VlcXcTh79a9sugOYC5Ezk%2BR5uHTzMOA28oUoBlw8oQWWvKp3jZdh5UMhxQsIBB3TzcROvcZObI5j%2FvV7m49iHd9xr%2BIHjycKnq70KQ4pyTwFO7GWMTjugKiRnMlMK02Xzw3%2BmZ5O2JOH0o2F7MLg0%2Bv18%2B6jASauEnuVcw7DhCagfmlQJ8HKT8cNVGZCL7z3mSeGrXgje2%2Bg6yjKSQkhPBFHKBeYXCGl1dSPrHuNV8k%2BhZzi3QXlpMzDXhWLhwVvK7iQLMuZMkooWXM1jURB8YpNh%2Bbw3wj3xVyVzGLyDmdCpNSRAsWhjRnozGJl6xLLbCBmY%2B8RLREG425RrZ0WX%2FO5leEVgbmfs9sk2rxC%2FmLX%2FMxD9BiPrZg%2Bhk0drHrRB%2Fz9xLJA8YgFYh4AixBv8D2cZnFgZzdwH94eYWq4VPnhkmnzMul6A5wD2HGDAWXk5GnmWn0B%2BgMJVmKjeeo24d25ngMdEnX6dZRFDGNP%2BRQIHMpLYsgrxmSr8fgVwV%2FGqmSon3Ia7GjQ8Rv36Eyx8yguR0utMFGWC0IH%2B5kupv8isg1KlzNFz8ansj&checksum=392419999613d75a743449104526b9102e3d6baf6543
Apple iPhone 6S 16GB 64GB  Space Grey Unlocked Genuine Smartphone AU STOCK,$279.00,AU,,https://www.ebay.com/itm/Apple-iPhone-6S-16GB-64GB-Space-Grey-Unlocked-Genuine-Smartphone-AU-STOCK/172365412102?epid=245412292&_trkparms=ispr%3D1&hash=item2821c77706:m:mTQVHi_KtubqjasVBNAJx5w&enc=AQAEAAAB0BPxNw%2BVj6nta7CKEs3N0qXQrnzxzp5%2BYhSCKvIwLNx2GWc6DEzZIPBQ%2BGRpt4svd2vI1bHDu6%2BR3SfSGR%2F9qL5D4MhGjEB6WJYnBINgeg8oR%2FmPgmO1%2B14EDAUNBQWXUNDUFaVUPFOna1%2BcR5bEpZdHiyeXuOzL89rEaRmmbap0DA3cryo%2B3r6xaCBpLUzZhq183QMudW3KG0YxaXO2kMzoaMC%2Fcmp3E4NEdQE9WxB71bB0ZNtKUGoT%2Bp5kQ9Cj86UIErVGOeEC3V2UmoeKtHZ%2FnE%2BrVgkDRvKVnpfpnGHVyvle0eOIH3rEqjCm5Zr0wahcRllBSxtaN0r8l2b1ZUT9%2F%2Fv62Wr1xym4AcAlRpDbAMs0t50OIuhPE7H%2FWG8j0Tt5swsNO8H%2BkkyhKW15dLu33E8AJThQ5kIzSB%2BYTZYdsB7S6KCgmr%2BmOpr%2BgaWlKgMijfRqc3cKTTsWWY6mhpA7Tpb3N9O%2FlE2Y3GTvjS4CLlsyU9pF8Plx5ONAcCqO7UmcPEWYM8KASInYZlPcumbezyLcr1l7TQ26Mrj77lXXHn8ZcAVDmPJgiRgUp8GTjXGwfb59YUjdoVF1XrNxdYLh%2FVmrX7DUah5W0mtxS6sr&checksum=172365412102d75a743449104526b9102e3d6baf6543
Apple | iPhone 7 | 4.7 32GB 128GB 256GB | Black Red T-Mobile AT&T Sprint Verizon,$191.36,US,418,https://www.ebay.com/itm/Apple-iPhone-7-4-7-32GB-128GB-256GB-Black-Red-T-Mobile-AT-T-Sprint-Verizon/202274652476?epid=232834228&_trkparms=ispr%3D1&hash=item2f1882413c:m:mNiX5ypn5Rsutp-nFcNLGBA&enc=AQAEAAAB0BPxNw%2BVj6nta7CKEs3N0qUmvBNjUwAPh25qcEtMxnfg5yiurKDpuf7clpC8L9CHPtmvTjjtT9MTIyiW0m%2BApDXNYuTEp%2B8VTWcfkI1OhK084KRFCvSq2bGXuK4EYg%2BJfnKoWysbppaoqN1T81G80k7jYyw8u3gEAvWd%2Fho7NM7aXCvRpZnXgYqh4NFwclmNEeBbmrmVgpHzG7NNUF9Abu7ieu5MUWse3B3x5CkUUylElNk%2F4hcy%2FJl3yJNTEQDrjywcuyJnZs0rqVcViN4jX16LSBzoN7SH8m4p1UnHfceu%2BS3pRbpAsUNSyYJa52roZ%2FuNI9AN8eYbdpOh9pvzZbZsIkVLLQ%2FGaPw23XipPCd4o%2Fr9ySyLKDsqc7GC%2F7XKXDASL1wO0ayQ6yvqaHqF82OmnLNk9vxgx5z0gRzOqiqwNYJTeyxxMlPR3%2Bz3KjXrZJvdITRrEPu5eko%2FkMPr3qaQQrmzpYV03xTb2SATCXOdZr%2FhOfLP2tzenOSTJXjzmXxsnMnKU21pq%2FB809wc5R5xAYTpU24qXXVCrqKnb4%2B3VZvhQC8uubxMXSoD6DIX41qh01KyDBfdsKCg4GLMsWelLec5YnHAnlVPMM5POpCb&checksum=202274652476d75a743449104526b9102e3d6baf6543
Apple iPhone 7 128GB Red Black Gold Silver 4G Phone Cheap AU Seller Unlocked,$385.00,AU,140,https://www.ebay.com/itm/Apple-iPhone-7-128GB-Red-Black-Gold-Silver-4G-Phone-Cheap-AU-Seller-Unlocked/172823873387?_trkparms=ispr%3D1&hash=item283d1b076b:m:mDhe4qtB9LTGTPIhHuAIGLQ&enc=AQAEAAAB0BPxNw%2BVj6nta7CKEs3N0qVce1CTi06slfUpCsrSEbT2EPAStGFHWOdVeKx5lPfYOXvnOSnNX%2BrDwYAHMGFC%2FNaRNlLBCj1EHGNOsFqe27V9SuXb5hBNzLS1%2FkUZY6I2zB05bIjg8Tnx1tqdIn5p24pxyFmUJ6eV1YmSmkWuDNrYZN5azSEzEikqAaaOCsLkV1GtoUZvWwbZmg7GZh2pMxzAU%2FV9hApRTBf7AIcRCU52OQFTRl0PMdOvqZFFF%2FCWqe8ywsAFEW0yNOxgRUwbA1NAVEMhmiZdkPuRd1v8Ex5hObKWbFw4%2ByiIvMCKTa5i2FKdschr2mqpoK5bcgMD9FenKxB12VmUBBCK86bTO%2BCKKpG6lNN4kxVvw0AOizle2a0Vi8qOVYuUfu7oudbJWvq%2FOGqqY4L5EWLTpPfBeHIfCBvGUNNTZyof%2B4ilcQQNSjwlD%2B1SUTffO7UfE77rVU7P%2Bit7q7s%2FIw0PmYJUKLTaDQuD%2BqXCPwR2CYL2cC6Uf%2Bs5yZHbvg6alCaD76%2FXHMVhbdqnNxVQn857RNjfaEPlku9osu3j%2BqYhs1QkIzipTeqbvMrooWwz3yLK7stAB0prwZuZDl%2FrNYOns1KzW4hb&checksum=172823873387d75a743449104526b9102e3d6baf6543
Apple iPhone 7 Smartphone 32GB 128GB 256GB Factory Unlocked 4G LTE WiFi iOS,$164.00,US,"1,520",https://www.ebay.com/itm/Apple-iPhone-7-Smartphone-32GB-128GB-256GB-Factory-Unlocked-4G-LTE-WiFi-iOS/292605336862?epid=232669172&_trkparms=ispr%3D1&hash=item4420a31d1e:m:muGAbzfCc0g96Des2xNMzyg&enc=AQAEAAAB0BPxNw%2BVj6nta7CKEs3N0qUmLOBUEsTQY1hSkKgx%2FVly6GNsAmhmnL2A78PHSyCMkT%2BA16eD2mr%2BndVKdPWN%2BTw18DCslIjKCAzqd27kJX%2BFUnrsrHpXoLbnJk0OWwmdRy4r5VWqfZnqYsVQ%2FTB%2FiGDbn3eZvdJe96XBsdexvvTPScQpOwwC0j%2BQL%2FPivmwfcaGWIFNY062UylslIx0267u9faEe5VE%2FAscJ6r4bdCTPQ9WWgT2%2BrPuxpkyBxB7s3v5UdZTpIbc2wQjGGtQ5evqaVQP4Qm1t04RdxZ7%2FA06K%2FJ%2FpF%2Fr55fncVI0ekGyxlFatNXG0INB7k9RJbC5515%2F2vBQAlpoVJtIS0ld%2FhvzXlubzRED0949vOU%2FWUHRBUP%2FlHoC%2Bic6ScKKWL6XSTDBzhGCgMrPb8y0%2BaGBLS00kSyLlxIuJaFat%2BI8AR3Ez%2FYZp9w0i6WjFXvYR9HuhVhM4Z6mUMZRKpW6bArxdfzCU21MvAks1Pc44qPvjfFCDEl5BC0BGOT4mIvfvYPtixrvjnqLp3D2rNHJuSfIkR%2BmDPOEm4PLbTKDo0mOpYTJpn%2B9PVQVdtJVvWJDycgWNhjyuPH4Bn%2Btz%2FkN9PIJktlMI&checksum=292605336862d75a743449104526b9102e3d6baf6543
Apple iPhone 8 Plus - 64GB - Silver (AT&T) A1897 (GSM),$349.99,US,,https://www.ebay.com/itm/Apple-iPhone-8-Plus-64GB-Silver-AT-T-A1897-GSM/323913794211?epid=239092875&hash=item4b6ac442a3:g:x-AAAOSwqYhdeson
***Factory Unlocked iPhone 8 - 64GB - Space Gray - Works Perfectly ***,$177.50,US,,https://www.ebay.com/itm/Factory-Unlocked-iPhone-8-64GB-Space-Gray-Works-Perfectly/274006108093?hash=item3fcc0967bd:g:NGEAAOSwStpderSD
Apple iPhone 8 64GB Unlocked Smartphone - Space Gray (A1863),$299.01,US,,https://www.ebay.com/itm/Apple-iPhone-8-64GB-Unlocked-Smartphone-Space-Gray-A1863/274005772361?epid=240377032&hash=item3fcc044849:g:yqgAAOSw3x1demct
APPLE IPHONE 7 32GB BLACK UNLOCKED AUS VERSION PHONE,$324.95,AU,,https://www.ebay.com/itm/APPLE-IPHONE-7-32GB-BLACK-UNLOCKED-AUS-VERSION-PHONE/283611612813?epid=239099307&hash=item420891c68d:g:k7sAAOSw8ZhdWzV9
Apple iPhone 8 Plus - 64GB - Gold (Unlocked) A1897 (GSM),$400.00,US,,https://www.ebay.com/itm/Apple-iPhone-8-Plus-64GB-Gold-Unlocked-A1897-GSM/153641142757?epid=239068324&hash=item23c5b9c9e5:g:Sg8AAOSwKp5det4i
Apple iPhone 7 - 32GB -iOS Black  4G LTE  (T-mobile Metropcs) Grade B,$165.00,US,,https://www.ebay.com/itm/Apple-iPhone-7-32GB-iOS-Black-4G-LTE-T-mobile-Metropcs-Grade-B/254357275270?hash=item3b38e00286:g:TzYAAOSwVbhcs1zZ
Apple iPhone X - 256GB - Space Gray (Unlocked) A1865 (CDMA + GSM GREAT CONDITION,$265.00,US,,https://www.ebay.com/itm/Apple-iPhone-X-256GB-Space-Gray-Unlocked-A1865-CDMA-GSM-GREAT-CONDITION/163859766332?epid=240420150&hash=item2626cd9c3c:g:nYUAAOSwtHVdertv
16gb iPhone 6plus gold  unlocked very good condition,$200.00,AU,,https://www.ebay.com/itm/16gb-iPhone-6plus-gold-unlocked-very-good-condition/303277388908?hash=item469cbdb46c:g:xa4AAOSw6OFdRNe2
Apple iPhone 7 - 128GB - Rose Gold GSM (Unlocked) - 9/10 Condition,$224.99,US,,https://www.ebay.com/itm/Apple-iPhone-7-128GB-Rose-Gold-GSM-Unlocked-9-10-Condition/113885939373?epid=240531128&hash=item1a842186ad:g:cDkAAOSwe41deogG
Apple iPhone SE [16GB 32GB 64GB 128GB] A1723 4G Smartphone Unlocked AU Stock,$155.00,AU,,https://www.ebay.com/itm/Apple-iPhone-SE-16GB-32GB-64GB-128GB-A1723-4G-Smartphone-Unlocked-AU-Stock/172864605769?_trkparms=ispr%3D1&hash=item283f888e49:m:modVc47sDW0wO0l4q-R9Zeg&enc=AQAEAAAB0BPxNw%2BVj6nta7CKEs3N0qV5xUxNQojGmahutJwAKtPIOo8TJXV%2BJBxViXeKgRa6VmTHz8cfkrSaRNTjKT5X3hkO2SiOVxTRh77UY1wInmPVIL6CEJdbQhrz%2F1faNvr3PZJkHwPR0KRzvGk7wcrIipz6oCw%2Fer1M0%2FBJq77rvSBnDGHvPS8cWmQa8ZriZ8yg8gdGKpsB95J1uGHlkwArxVkqQWkVK1IM0AxhS4MPZkWG50Pi32qLttQMq6eECAa213qKgpRXAvlyx73F64todkWvKr7nMarmfDkYzKYbeZyN747aYjJtYE02ZeqETtX%2Fj3UIXBNHMzwYrPDnrHL%2BqOZN9u4OBF%2FgTeyEzNXfOYnki3N4cynij0tGlj8JbcunMeQOdVvi6w8pK4K6vY3dhE3N%2BRHjn6tOU0iA%2F6PdFMXG47CDENdEdzH421xlE90gDQnen5ABJmIAFCT9uJcjhNMV4rKYrcXzRj29XZpFAf3T%2BuWjGaAaonsbwFsFiA%2FFcLq4FQepXQKWGmYv%2BJxoIhj3E%2BHFAOQOLNBf9dKecqJUWkxwzH481OZYQCaRCxIPAaFWyqygw9zAqyYE4ziIZ2DGzlsqRThLmQv%2B2SGkUoCF&checksum=172864605769d75a743449104526b9102e3d6baf6543
Iphone 7 plus 128 gb,$310.00,US,,https://www.ebay.com/itm/Iphone-7-plus-128-gb/202777318925?epid=225209469&_trkparms=ispr%3D1&hash=item2f3678560d:g:0L4AAOSwok1dM~KI&enc=AQAEAAAB0BPxNw%2BVj6nta7CKEs3N0qUv4O5%2Bgfq1e5Qu7QtdFHPjmL6h4dRb6%2Fau1jimurneO%2F2onvqZTMiDXRj%2FU9BImDEKaDAPVcq7%2BAwKTfZo%2BTzKIryqsUs2yZH2uGyGjmeyfjvhsE3qdtZJ0uMWPniQ%2F8PzSAxxXYVtU29WNv6ytaqLzbKdOJbDkpooko9n7yXWK5ICbItuZ%2FyBbzva281hKh%2BQY%2FuTrxo2a5rrHxwjGrZWvHrALRZN9xAI8yaRjBTkp%2BbI%2BSFAfJeEkcJgmE2ViY2TIv76zglGci1WSf6fDejmftQyphouIf7LeqItAlh2kf0l7CSvmuW39unSLojoowtmrFOdzFFtbm0jYONMfvcZO3TbjSGEMUwNeHAgM8U1%2FdgXWDzyvAIoNyargL6JwXzfuFKNBF9aUzYzHhhY6%2BCFIUDxB06OPPQr5fl3HUFloF2gpIc6IBOe3Om24JLlO7N4SYMdrPSNvD%2BttlIt%2BK%2B9DgNpAsf304i2kZLhLsfE1Bk%2FujWV2OybLPfos3SBweq3K7aftC73tnnEFl0H0ea1jh%2BYvrDSQ0CwGy9e2wW4Pmuw4aryDeWDPwJ2FZGF%2BwLvNeaxNGyNp8kA2qjxlVf6&checksum=202777318925d75a743449104526b9102e3d6baf6543
Apple iPhone XR 64GB Black - Unlocked US Reseller Flex Policy - NEW & SEALED,$569.99,US,,https://www.ebay.com/itm/Apple-iPhone-XR-64GB-Black-Unlocked-US-Reseller-Flex-Policy-NEW-SEALED/274006068612?epid=13023706562&hash=item3fcc08cd84:g:g3cAAOSw4ztdeqef
Apple iPhone 7 Plus 32GB (Unlocked),$399.00,US,,https://www.ebay.com/itm/Apple-iPhone-7-Plus-32GB-Unlocked/283612788226?epid=240455209&hash=item4208a3b602:g:H6kAAOSwbYddetGG
Apple iPhone 6s Plus - 128GB - Space Gray (Unlocked) A1687 (CDMA + GSM),$160.00,US,,https://www.ebay.com/itm/Apple-iPhone-6s-Plus-128GB-Space-Gray-Unlocked-A1687-CDMA-GSM/193098847714?epid=240434054&hash=item2cf59695e2:g:5wIAAOSwpopdetOS
Apple iPhone 8 64GB Space Gray Sprint GSM A1863,$340.00,US,,https://www.ebay.com/itm/Apple-iPhone-8-64GB-Space-Gray-Sprint-GSM-A1863/193095106192?epid=239009382&hash=item2cf55d7e90:g:9~IAAOSwUKVdd9vb
Apple iPhone XS A1920 64GB Gold! 9/10! GSM Unlocked!,$699.75,US,,https://www.ebay.com/itm/Apple-iPhone-XS-A1920-64GB-Gold-9-10-GSM-Unlocked/254357892032?epid=4023704064&hash=item3b38e96bc0:g:dgsAAOSwhPZdepir
iPhone 7 Plus 128GB - Black - Unlocked - Mint Condition - All Orig. Accessories,$311.00,US,,https://www.ebay.com/itm/iPhone-7-Plus-128GB-Black-Unlocked-Mint-Condition-All-Orig-Accessories/174028709453?epid=240458775&hash=item2884eb5e4d:g:zUQAAOSwvFxdenHU
Apple iPhone 6s - 16GB - Black (Sprint) A1688,$109.99,US,,https://www.ebay.com/itm/Apple-iPhone-6s-16GB-Black-Sprint-A1688/283612794486?hash=item4208a3ce76:g:H70AAOSwqYZdetR6
Apple iPhone XR 64/128/256 GB Unlocked -comes with Apple Warranty,$649.99,US,,https://www.ebay.com/itm/Apple-iPhone-XR-64-128-256-GB-Unlocked-comes-with-Apple-Warranty/323913706503?epid=24023698450&_trkparms=ispr%3D1&hash=item4b6ac2ec07:m:mVcrH993ufNKko8Vyz6OFBg&enc=AQAEAAAB0BPxNw%2BVj6nta7CKEs3N0qWjIyqfhykwOKo0H1ZrBE8xSXqdZdgRgFsHxhuj3p7MO3qdijySvwi8BN2ULmegTxJV7iguQlmGjvmE%2B5wQkbuBQy7GWcjfUyvCZlky4J2jUGtZfv11hUo1EP%2B2vExrnt9juCZAjvxz6bGYrg7X9PLyZYIBjtpwiGWuNFzhTfxl5My3%2BDcNK1xdC%2BLTfPSVWySzNeLJQT66LLdK11VQBmKBE2lDQ3jw0sRhq7E%2F2jBt3ODLFewLWQnFsn9DbAS5eLFEqk1ZKJ9CBkwDqSpt8H9PmdkJdCfblPPeHplbBaknIlBwzEmodoYKr8mtH%2Fkso8R57l68OPXt2fx4U%2BaLyuBRVkg%2Fvjx%2FFqKSx78LzXHevwrJXfrVYKe2032tYBiiYS%2Bs2CfSYYVwUzJfU3UuEh242ur0lnEward8tDfJiFMIQypqEJqWfVZeQFm2EQWnECq2gfgAyWf%2BuRVEKSESKutpfIyKS%2FFGs5ScKQWw%2FpMSLNXJLRpyEUTRW%2FlBAntbzt0hly3C0QR%2FbGeqAYjQKwIgl%2Bg2zGpEVuN1vdanxn9bsdYPNF8sL7XyGYJKHwDvr24selhk72MeKBWFvdDRGGFl&checksum=323913706503d75a743449104526b9102e3d6baf6543
T-MOBILE MINT Apple iPhone 8 Plus - 64GB - Black A1897 (CDMA + GSM),$450.00,US,,https://www.ebay.com/itm/T-MOBILE-MINT-Apple-iPhone-8-Plus-64GB-Black-A1897-CDMA-GSM/223662333237?_trkparms=ispr%3D1&hash=item3413505d35:g:E88AAOSwBbBdStXx&enc=AQAEAAAB0BPxNw%2BVj6nta7CKEs3N0qX3VkDDvk3kldTeljxV2XuRzfmKJawKO18nYdxVKW%2FNhjDGISn4T8SYmoiA8mu%2B3ksN5GIybiVNIQ9eVG4fvsJBK5CXXad79Gr8pbF8cdCCFV1MIs7wyvZiFOHLR7pKn5vso4cTwF92%2Bf6ocCbkFA7CxFe%2Fu0HgE%2FxqbCGD6NzE0A8Ffg0ytsFehS5mH1G%2BayC98wpk1usgVa6MTH09gbi9aZT9OgsyNaFR9Pag0%2FZYaRGjk%2BZ9n4ytbzfZMPMcQbcryxGFbw2k7PREuK7TUhXi9wdLUp8Z7nCrneJsydmxf5alUxxT71%2F5uQ8AlL%2FPirQvWAV6v8BBWbN0XygnQbroKuO5Fqho4mTsTJ0IcrCcaHTw8qp1jgCwsapPMqhNBWv1s%2BhPs76R%2BftF35COWJx9eSkuHhWLcDiwxYbnNSlG7l5QxrClAtkYysNlTZBmYFb6X3iM3adV0mynOL6qYiXRfbYUYfBt1Ewd%2B6Qakm1KvfjKsmU%2FPlkF6Yc3cLIcNOksY6hAYFZyfyFEeATWageHosbuKTIxAB4%2BVoNcYcr%2FVuaNSxcpl3SJG9jTFtGmScCC9QYhhzdoSbaMozrpeMZc&checksum=223662333237d75a743449104526b9102e3d6baf6543
Apple iPhone 6s - 16GB - Silver (Sprint) A1688,$109.99,US,,https://www.ebay.com/itm/Apple-iPhone-6s-16GB-Silver-Sprint-A1688/283612793982?epid=216213577&hash=item4208a3cc7e:g:Ag4AAOSwMspdetNm
Apple iPhone 8 Black 64 GB EXCELLENT Condition Tmobile,$275.00,US,,https://www.ebay.com/itm/Apple-iPhone-8-Black-64-GB-EXCELLENT-Condition-Tmobile/202777631152?hash=item2f367d19b0:g:8e0AAOSwIihdeuGl
Apple iPhone X - 256GB - Space Gray (Verizon) A1865 (CDMA + GSM),$599.00,US,,https://www.ebay.com/itm/Apple-iPhone-X-256GB-Space-Gray-Verizon-A1865-CDMA-GSM/254358068062?epid=239068454&hash=item3b38ec1b5e:g:kPMAAOSwN9tdetER
Apple iPhone 6s Plus - 32GB - Space Gray (AT&T / Cricket) Excellent!,$159.99,US,,https://www.ebay.com/itm/Apple-iPhone-6s-Plus-32GB-Space-Gray-AT-T-Cricket-Excellent/183951074245?epid=228580446&hash=item2ad456a3c5:g:T80AAOSwDw5debmz
Apple iPhone 7 Plus | 128GB | Black | Sprint | Unlocked,$149.00,US,,https://www.ebay.com/itm/Apple-iPhone-7-Plus-128GB-Black-Sprint-Unlocked/233339821156?hash=item3654231c64:g:wdwAAOSweAtdeopl
Apple iPhone 6S 32GB 64GB 128GB Factory Unlocked AT&T T-mobile Verizon,$112.99,US,"2,111",https://www.ebay.com/itm/Apple-iPhone-6S-32GB-64GB-128GB-Factory-Unlocked-AT-T-T-mobile-Verizon/202444888698?epid=216202209&hash=item2f22a7da7a:m:mvLRPOl-L_q4zipmGQnSapg
Apple iPhone 6s | GSM Factory Unlocked | 16GB 32GB 64GB 128GB | Excellent 9/10,$129.99,US,,https://www.ebay.com/itm/Apple-iPhone-6s-GSM-Factory-Unlocked-16GB-32GB-64GB-128GB-Excellent-9-10/312755012018?epid=216202299&hash=item48d1a6c1b2:m:mRGQXSQH3PhCDtZ62S2G4fg
Apple iPhone 6 Plus Smartphone No Touch ID Verizon Unlocked AT&T T-Mobile Sprint,$115.00,US,"1,425",https://www.ebay.com/itm/Apple-iPhone-6-Plus-Smartphone-No-Touch-ID-Verizon-Unlocked-AT-T-T-Mobile-Sprint/292369854462?epid=237951088&hash=item441299effe:m:mx9Kia_X4ytSqYlMCOfynxQ
Apple iPhone 6s PLUS 16gb 32gb 64gb 128gb unlocked Australian stock,$320.00,AU,,https://www.ebay.com/itm/Apple-iPhone-6s-PLUS-16gb-32gb-64gb-128gb-unlocked-Australian-stock/163623842843?hash=item2618bdb41b:m:mWkwJj6ZS1ogpEpGJsbWbng
Apple iPhone 6S 16GB 32GB 64GB 128GB Factory Unlocked AT&T T-mobile Verizon,$114.89,US,"1,495",https://www.ebay.com/itm/Apple-iPhone-6S-16GB-32GB-64GB-128GB-Factory-Unlocked-AT-T-T-mobile-Verizon/223141689820?epid=228434691&hash=item33f447f9dc:m:mog4DAR-0nAnZvfRu4HsWaA
Apple iPhone 6s Plus - 32GB - Space Gray (Unlocked) A1634 (CDMA + GSM),$160.00,US,,https://www.ebay.com/itm/Apple-iPhone-6s-Plus-32GB-Space-Gray-Unlocked-A1634-CDMA-GSM/183951766994?epid=228517002&hash=item2ad46135d2:g:UrUAAOSwT4Rdej7v
Apple iPhone XR - 128GB - Black (AT&T) A1984 (CDMA + GSM),$480.00,US,,https://www.ebay.com/itm/Apple-iPhone-XR-128GB-Black-AT-T-A1984-CDMA-GSM/163859506665?epid=20023710029&hash=item2626c9a5e9:g:cw0AAOSwbeBdVWBs
Apple iPhone 8 Plus - 64GB - Gold (AT&T) A1897 (GSM) IC LOCK,$126.00,US,,https://www.ebay.com/itm/Apple-iPhone-8-Plus-64GB-Gold-AT-T-A1897-GSM-IC-LOCK/323912807218?hash=item4b6ab53332:g:UngAAOSwxXRbYGHF
New in Box Apple iPhone 6 64GB 128GB GSM Unlocked Space Gray / Silver / Gold,$189.99,US,362,https://www.ebay.com/itm/New-in-Box-Apple-iPhone-6-64GB-128GB-GSM-Unlocked-Space-Gray-Silver-Gold/202695013801?_trkparms=ispr%3D1&hash=item2f319075a9:m:mSfVwbMT9SM01QfWjciQUFQ&enc=AQAEAAAB0BPxNw%2BVj6nta7CKEs3N0qUYVk8pRG9zkaAaMbMdJ68cBCVa7xg5NtbcDY7sJLur1NXs3zOunEgcQyE5r3YeiPJHhmlCTezlxhHP3KTnDQhx3qjqZEyFbyP2%2FhQhSPoq%2FPUQM3sJf8AhBF742Lw9yAiXlaLAuGW%2FWvGrEyzS0ZnEMRMplgipPDnzCluArLks9kPVmsfSyb%2BqMHXLF8b%2FE6eRMQSvCS8JP4LS2GVepQHerWZrEpzY9oWWvDIZTYNVlK5IJKBeQVb3%2B3C5oOPGx0cokq6QHBpebkku0VxrPg5laaEr5wKvSHec6%2BGRgcmIYI70NfeNCp6%2FpkTksAzfnbVT%2BRm4cRRs9sCDd8LChDBXsmObcF33mbgGwNA064q8Z5ehAtHYWli715agHOmxefhzB6wxXOhC%2BaWhAJ%2FvmXzBjr1c%2BCH8S0debz7fc79dznwM3phkp3JJ9LuXirxWCu6lszI4NnXkUKwwtddDq6WJk8ZvTrr6UpLEQvFpc5ZJAbHp1ifStLx9Aj8FPWiYDGwwsn5oK0VESeezfam3e2BM7VHjmYkZWOEg7C3kpNlW1tqEmlTeovfjijY9nopG4V2RWHgpanVTtS6bmHA1QhwR&checksum=202695013801d75a743449104526b9102e3d6baf6543
Apple iPhone 7 32GB/128GB Jet Black/Rose Gold/Silver/Black/Gold/Red AUS Seller,$319.00,AU,82,https://www.ebay.com/itm/Apple-iPhone-7-32GB-128GB-Jet-Black-Rose-Gold-Silver-Black-Gold-Red-AUS-Seller/173513262330?_trkparms=ispr%3D1&hash=item28663244fa:m:mMiPYZyJ66PTpfzkY9JUB2g&enc=AQAEAAAB0BPxNw%2BVj6nta7CKEs3N0qVw1UMSWUYMfJCejIBWPqm%2FPeIIC0cW5IIUy6YY4WuiI5RWgieakg8QDwCHxoY4dizo0dhAF0lngrMDqyAZzUl0bxfSbN4W%2B6NFzy9IS%2FjMg56TpJjIUVeb0bwhKb2ISgBdbY%2B3aLwg3PlpmnCc9iuPmloLDGr9hwaU4ypHgi3EAHgKk1oGsTzG%2B%2BOncywGeQboxkkPe1q43WswSu7AiHrNsydMj6iDmJ8e2X27uIaadoDXxNHJI4vDpFagNAMHTBFv4b9xBxcsLjPSqehIRh%2BO8oVr%2FaduAAzyLAAIZRo8URMVZqb6vi%2B35Dx1Q1JIS86CJ0iU19jSu1xqEJrG7QTqnq3MUrHLzhSBJL%2FOZrOOkwAR5d6Jyj7EherpaVlfDslvRnwwTuUo%2Bgy7ycRumAiswBGZvkyEiXeFbw93pfWVaX6jEfHAgLKiDyXhbMTKJxt6EVn4RfqrtvdvCIAM4Yq4mShlE7xLm4U%2BLHAYvgNmzYWlunb2A2IqhfYIs%2FukwMTkuGzA5TnT0%2FiVRv3S4IkuT8g%2Fg%2B2HbAfHuJ06s%2BkMtDQqITixba%2FCWX5hd6OX6aigg4YWlrQIjl%2FqyTBovit3&checksum=173513262330d75a743449104526b9102e3d6baf6543
Apple iPhone 8 - 64GB A1863 GSM Factory Unlocked Smartphone,$305.00,US,,https://www.ebay.com/itm/Apple-iPhone-8-64GB-A1863-GSM-Factory-Unlocked-Smartphone/303282885163?hash=item469d11922b:g:F18AAOSw7KldeoK6
"Apple iPhone 6S - 16GB 64GB 128GB - Gray, Rose, Gold, Silver - Factory Unlocked",$115.99,US,"13,615",https://www.ebay.com/itm/Apple-iPhone-6S-16GB-64GB-128GB-Gray-Rose-Gold-Silver-Factory-Unlocked/122419664747?epid=216202209&hash=item1c80c7d76b:m:m1XjQJXLGtwTg5TJvzGxkcw
Apple iPhone 8 Plus 256GB Gold AT&T GSM Phone A1897 MQ8Y2LLA CLEAN IMEI MINT,$429.99,US,,https://www.ebay.com/itm/Apple-iPhone-8-Plus-256GB-Gold-AT-T-GSM-Phone-A1897-MQ8Y2LLA-CLEAN-IMEI-MINT/303282848524?epid=239068314&hash=item469d11030c:g:7OwAAOSw8YtdenaY
Mint Apple iPhone 7 Plus Rose G GSM Unlocked 128GB MN562LL/A - Rear Camera Issue,$199.00,US,,https://www.ebay.com/itm/Mint-Apple-iPhone-7-Plus-Rose-G-GSM-Unlocked-128GB-MN562LL-A-Rear-Camera-Issue/202776803893?epid=240464807&hash=item2f36707a35:g:npwAAOSwuchdeWpp
"Apple iPhone 7+ Plus - 32GB 128GB 256GB GSM ""Factory Unlocked"" Smartphone Phone*",$294.95,US,"7,061",https://www.ebay.com/itm/Apple-iPhone-7-Plus-32GB-128GB-256GB-GSM-Factory-Unlocked-Smartphone-Phone/401452356520?epid=240464827&hash=item5d786cd3a8:m:mKf9vR2xfLfREWJFaagUm6Q
Apple iPhone 6 Plus - 16GB - Space Gray (Unlocked) A1524 (CDMA + GSM),$129.99,US,,https://www.ebay.com/itm/Apple-iPhone-6-Plus-16GB-Space-Gray-Unlocked-A1524-CDMA-GSM/183952516330?epid=233843049&hash=item2ad46ca4ea:g:uZoAAOSwZ8Jdeseq
Apple iPhone 6 Plus - 64GB - Space Gray (Unlocked) A1522 (CDMA + GSM),$155.95,US,,https://www.ebay.com/itm/Apple-iPhone-6-Plus-64GB-Space-Gray-Unlocked-A1522-CDMA-GSM/183952499642?epid=240531138&hash=item2ad46c63ba:g:GfMAAOSwBbBdPeuV
Apple iPhone 6s Plus Smartphone 16GB 32GB 64GB 128GB Factory Unlocked 4G LTE iOS,$154.00,US,"2,522",https://www.ebay.com/itm/Apple-iPhone-6s-Plus-Smartphone-16GB-32GB-64GB-128GB-Factory-Unlocked-4G-LTE-iOS/292631538718?epid=240531048&hash=item442232ec1e:m:maK7wqY5lWlK9devzbFp-Ug
Apple iPhone 7 Plus - 32GB -  (Unlocked) A1661 GREAT CONDITION,$172.50,US,,https://www.ebay.com/itm/Apple-iPhone-7-Plus-32GB-Unlocked-A1661-GREAT-CONDITION/323913758878?epid=225208414&hash=item4b6ac3b89e:g:0QIAAOSwHppder9i
Apple iPhone 8 Smartphone AT&T Sprint T-Mobile Verizon or Unlocked 4G LTE iOS,$250.00,US,"1,911",https://www.ebay.com/itm/Apple-iPhone-8-Smartphone-AT-T-Sprint-T-Mobile-Verizon-or-Unlocked-4G-LTE-iOS/292691384025?epid=239092905&hash=item4425c416d9:m:mAUMlyxZCTOl53tTvhMarOw
"Apple iPhone 6s | GSM Unlocked | 16GB 32GB 64GB 128GB | Rose, Gold, Gray, Silver",$124.99,US,"1,731",https://www.ebay.com/itm/Apple-iPhone-6s-GSM-Unlocked-16GB-32GB-64GB-128GB-Rose-Gold-Gray-Silver/401426802191?hash=item5d76e6e60f:m:mRGQXSQH3PhCDtZ62S2G4fg
Apple iPhone 6 Plus - 64GB - Gold (Unlocked) A1522 AT&T T-Mobile Verizon,$139.99,US,,https://www.ebay.com/itm/Apple-iPhone-6-Plus-64GB-Gold-Unlocked-A1522-AT-T-T-Mobile-Verizon/183952513547?hash=item2ad46c9a0b:g:AC0AAOSwOPZdc-3x
Apple iPhone 8 Plus Smartphone AT&T Sprint T-Mobile Verizon or Unlocked 4G LTE,$330.00,US,"1,555",https://www.ebay.com/itm/Apple-iPhone-8-Plus-Smartphone-AT-T-Sprint-T-Mobile-Verizon-or-Unlocked-4G-LTE/302847614914?hash=item46831fdfc2:m:mZQWR_ftZwGljYXxD2yTT0Q
Apple iPhone 6S Plus 64GB Rose Gold AT&T Fair Condition,$150.99,US,,https://www.ebay.com/itm/Apple-iPhone-6S-Plus-64GB-Rose-Gold-AT-T-Fair-Condition/283612751934?epid=216131111&hash=item4208a3283e:g:OMcAAOSwSCpdesOd
Apple iPhone 8 (PRODUCT)RED - 64GB - (Unlocked) A1863 (CDMA + GSM),$177.00,US,,https://www.ebay.com/itm/Apple-iPhone-8-PRODUCT-RED-64GB-Unlocked-A1863-CDMA-GSM/123904043851?epid=245294438&hash=item1cd941ab4b:g:vMkAAOSwq0NdeTOy
"Apple iPhone 6S Plus Factory Unlocked 5.5"" SmartPhone 16GB 32GB 64GB 128GB",$163.99,US,517,https://www.ebay.com/itm/Apple-iPhone-6S-Plus-Factory-Unlocked-5-5-SmartPhone-16GB-32GB-64GB-128GB/192684302480?epid=216192392&hash=item2cdce12090:m:m6KMeHJYTLlPKsrf95MdNDQ
Apple iPhone 6s - 64GB - Rose Gold (Unlocked),$119.00,US,,https://www.ebay.com/itm/Apple-iPhone-6s-64GB-Rose-Gold-Unlocked/153641139673?epid=240307031&hash=item23c5b9bdd9:g:YGcAAOSwdoldet0Q
Apple iPhone 8 256GB Space Gray Unlocked - NEW & SEALED + Not Activated,$489.99,US,,https://www.ebay.com/itm/Apple-iPhone-8-256GB-Space-Gray-Unlocked-NEW-SEALED-Not-Activated/283612762475?hash=item4208a3516b:g:sD8AAOSw2pddesZY
Apple iPhone 6 Plus Factory Unlocked 16GB 64GB 128GB AT&T T-mobile Verizon,$137.99,US,709,https://www.ebay.com/itm/Apple-iPhone-6-Plus-Factory-Unlocked-16GB-64GB-128GB-AT-T-T-mobile-Verizon/202458551907?epid=241179768&hash=item2f23785663:m:mM1xKfXAK1Xve9iJ3_WFjvA
Apple iPhone 6s 64GB 128GB No Touch ID AT&T Sprint T-Mobile Verizon or Unlocked,$110.00,US,609,https://www.ebay.com/itm/Apple-iPhone-6s-64GB-128GB-No-Touch-ID-AT-T-Sprint-T-Mobile-Verizon-or-Unlocked/292372204134?epid=240306971&hash=item4412bdca66:m:miHS4s8_fpGq9mxT6ZriQkQ
"Apple iPhone 7 - 32GB 128GB 256GB GSM ""Factory Unlocked"" Smartphone All Colors*",$189.95,US,"7,174",https://www.ebay.com/itm/Apple-iPhone-7-32GB-128GB-256GB-GSM-Factory-Unlocked-Smartphone-All-Colors/362174598107?epid=240306961&hash=item545349cbdb:m:mSACu2RtExHAZ9iXukm6ZMg
Apple iPhone 6S |16GB 64GB 128GB| AT&T T-Mobile Sprint Verizon Unlocked GSM CDMA,$112.00,US,338,https://www.ebay.com/itm/Apple-iPhone-6S-16GB-64GB-128GB-AT-T-T-Mobile-Sprint-Verizon-Unlocked-GSM-CDMA/183383599015?epid=27032503156&_trkparms=ispr%3D1&hash=item2ab283a7a7:m:mIiReV1jrWHXyqi-C0kYweA&enc=AQAEAAAB0BPxNw%2BVj6nta7CKEs3N0qUre%2FleLzJNwg4JevcMrx7QNxCRSGfT%2Fsg2exXd5x8bqUj%2B7p0KVs%2FmecyrEyZfIz20TTHRs4lBBAF%2BLxasCPBqO1gGv5CKhK06WX59yVg0G2O1LufeitCM6yCll6%2BgaP1QXQLnxVH646qCWpJtnnd2njjERafHEuA%2BLY2C3RPaLeAhLgamm2RX9fTI%2FF7x%2FdlnoVpEumUTFpKY0CxTRRyoxcIfHrXAaZ4kefiDZMq5UQJxHGtbDNi9anzHFolAVjPeiv3jLrAgc9alfctXFQIqd2pj65fKTv4%2FwQm7URzJI8lkgf9mCOXCZvYbabb4deXl%2F9mOfC%2F9itMbTZCmB3kwAW5csL%2BO1nLdO6lEWjvl%2BdB%2BrSgwHrmR6kVXnBHMoy2Eiz%2Bc7NMgrhXTyykU6w1t0%2B3jBRrAIGVw1JjJXD6FIktKWBQI0P8bxxMFJXxvEDtfVxkBMkG5KrLgXDoO2dzBQbJtPobr3YybvsHhgsgSQH1wF0xmLi3n%2B%2BjDQT3X5Q61ToFFeJHD3lUg0xFwhzHLmt8BcINQN7ijZuqg7IC5pYDYlyHNLvULCUkoJBej0j6gLS%2Bhgc6k0kekdSX76yG0&checksum=183383599015d75a743449104526b9102e3d6baf6543
"Apple | iPhone 7 Plus | 5.5"" 32GB 128GB Black Red T-Mobile AT&T Sprint Verizon",$345.92,US,596,https://www.ebay.com/itm/Apple-iPhone-7-Plus-5-5-32GB-128GB-Black-Red-T-Mobile-AT-T-Sprint-Verizon/202048014073?epid=225203250&_trkparms=ispr%3D1&hash=item2f0b0006f9:m:mT8O5M_0vENmw93F3Qp6g8Q&enc=AQAEAAAB0BPxNw%2BVj6nta7CKEs3N0qWsXVp4WqtNGt1DcUzlS3QkUOk22EujU20nyVXGqEPIZgWXpSPYz7dbt0SNyniTzNair9SJEO8a0Ie%2BoulH4EDcY3lKdPRIfLpenxfv%2FVGlrur10qAztkyOR7COSXg%2FU1wI241MaMTJMEa4sglIzhtliX1AQwr0iO%2BI8pioAfRbe2eiBrh9dZ%2B2%2B9Qor3REtp%2FjTR5w2cSNww3Ckyryi5OBnP5rNCj7e%2B6848nEHe0XZPjdbiHITnAdC%2FFh4gaSa9rT1Yh%2BCsSGbH8hYe2MlViDmVa3K1q%2Fcp9jzMXTVJMz6A%2Brm%2Bf1tx2hf%2Ftikal1z2Bz60qH43RM2%2B2oyqvkSz4Fr%2FzeawhY5hjaF7YwmbRVis%2F1IEA6mrbETQJHf4gQSsGJF38IBgc1J5jd6rocxKHIAGhpUpamtJs0IZN5vdoqnn53MXB9UVydvM6Ngs0b0ZrNeal3S%2FQvXWmiOtO0LKYkO5fcE02xYigaAamHkBFwa5aX%2BAcRfXRRWBFUr7zjbMsjElzef5RoF9yQT0yaaY4OmKao0ek06zwg6vA9c88Nyq4IiZ2TaZVr%2FUcvqtPofzf38Bgtn3Pq81G9lo6WNN6r&checksum=202048014073d75a743449104526b9102e3d6baf6543
